"","baseMean","log2FoldChange","lfcSE","stat","pvalue","padj","Kingdom","Phylum","Class","Order","Family","Genus","Species","OTU","Species2"
"2184519",18.9012659816077,-3.28567182147472,0.630234865159666,-5.21340852928268,1.8540197061985e-07,7.43461902185599e-05,"Bacteria","Proteobacteria","Betaproteobacteria","Burkholderiales","Comamonadaceae","Hydrogenophaga","sp. NH-16","2184519","Hydrogenophaga sp. NH-16 2184519"
"390884",50.3124319683249,-3.84833480470291,0.774120862371996,-4.97123251905544,6.65286028310774e-07,0.00013338984867631,"Bacteria","Bacteroidetes","Cytophagia","Cytophagales","Cyclobacteriaceae","Echinicola","vietnamensis","390884","Echinicola vietnamensis 390884"
"81028",412.940378831469,-3.40476605125925,0.80153780738023,-4.24779220631836,2.15887488243915e-05,0.00266605822299453,"Bacteria","Spirochaetes","Spirochaetia","Spirochaetales","Spirochaetaceae","Treponema","brennaborense","81028","Treponema brennaborense 81028"
"1539298",10089.6321861283,-2.73661999587653,0.6514478128852,-4.20082766684917,2.65940969874767e-05,0.00266605822299453,"Bacteria","Spirochaetes","Spirochaetia","Spirochaetales","Spirochaetaceae","Treponema","sp. OMZ 838","1539298","Treponema sp. OMZ 838 1539298"
"167",119.50132211277,-2.54361674276339,0.622414211904717,-4.08669451004242,4.37562657622776e-05,0.00350925251413466,"Bacteria","Spirochaetes","Spirochaetia","Spirochaetales","Spirochaetaceae","Treponema","succinifaciens","167","Treponema succinifaciens 167"
"2124",370.953347593086,-3.22544730732025,0.805274330677041,-4.00540186672588,6.19121333467064e-05,0.00413779424533821,"Bacteria","Tenericutes","Mollicutes","Mycoplasmatales","Mycoplasmataceae","Mycoplasma","salivarium","2124","Mycoplasma salivarium 2124"
"328814",42.314481768269,-2.02675595425684,0.511113757763147,-3.96537155080072,7.32817072065769e-05,0.00419799494140533,"Bacteria","Bacteroidetes","Bacteroidia","Bacteroidales","Rikenellaceae","Alistipes","shahii","328814","Alistipes shahii 328814"
"639310",15.9471824481993,-1.61072528002277,0.416643793651332,-3.86595289445427,0.000110656296272745,0.00554664685067136,"Bacteria","Bacteroidetes","Flavobacteriia","Flavobacteriales","Flavobacteriaceae","Olleya","aquimaris","639310","Olleya aquimaris 639310"
